Datum,Empfänger,Kontonummer,Transaktionstyp,Verwendungszweck,Betrag (EUR),Betrag (Fremdwährung),Fremdwährung,Wechselkurs
2020-01-22,Norma Fisher,GB92FKQI19720769845642,Überweisung,Norma Fisher You Membership - Monthly Fee,-9.9,,,
2020-01-27,Jorge Sullivan,GB33RWAO15084237594599,Gutschrift,"Jorge Sullivan, MB 2020",60.0,,,
2020-01-27,Elizabeth Woods,GB78EWJM61093523376960,Gutschrift,"Elizabeth Woods, MB 2020",60.0,,,
2020-01-28,Susan Wagner,GB98MWSN02714278789007,Gutschrift,"Susan Wagner, MB 2020",60.0,,,
2020-01-30,Peter Montgomery,GB56KJOB63812066503008,Gutschrift,Peter Montgomery MB2020,60.0,,,
2020-01-30,Theodore Mcgrath,GB64TDGD93442176104714,Gutschrift,"Theodore Mcgrath, MB 2020, TFC Frankfurt",60.0,,,
2020-01-30,Stephanie Collins,GB32EUQU51240003485590,Lastschrift,"PP.5917.PP . IMPEX, Ihr Einkauf bei IMPEX",-54.55,,,
2020-01-31,Stephanie Sutton,GB44XWTU77658236940224,Gutschrift,"Stephanie Sutton, MB 2020",60.0,,,
2020-02-03,Brian Hamilton,GB60KKZL15900422945682,Gutschrift,"Brian Hamilton, MB 2020",55.0,,,
2020-02-03,Susan Levy,GB21JDPX30428146546118,Gutschrift,"Lisa Johnston, MB 2020",60.0,,,
2020-02-04,Sean Green,GB14PPKZ51717604522961,Gutschrift,"Sean Green, MB 2020",60.0,,,
2020-02-04,Kimberly Smith,GB43CZCG30601688477936,Gutschrift,"Kimberly Smith, MB 2020",60.0,,,
2020-02-04,Jennifer Summers,GB48CLHI92635110873176,Gutschrift,"Jennifer Summers, MB 2019",35.0,,,
2020-02-04,Jennifer Summers,GB48CLHI92635110873176,Gutschrift,"Jennifer Summers, MB 2020",60.0,,,
2020-02-18,April Snyder,GB77IGUB39213765821972,Überweisung,"Rechnungsnummer 8/2020, Ligaspielbetrieb 2020, 1. TFC Frankfurt",-295.0,,,
2020-02-22,Norma Fisher,GB92FKQI19720769845642,Überweisung,Norma Fisher You Membership - Monthly Fee,-9.9,,,
2020-02-28,Dana Nguyen,GB69SMUV68757738930555,Gutschrift,"Kristijan Mamic, MB 2020",60.0,,,
2020-03-03,Cheryl Bradley,GB69BQEI92694711801320,Gutschrift,Mietgliedsbeitrag 1. TFC 2020 Stibani,60.0,,,
2020-03-09,Walter Pratt,GB65JAYO52275868809189,Gutschrift,"Walter Pratt, MB 2020",55.0,,,
2020-03-22,Norma Fisher,GB92FKQI19720769845642,Überweisung,Norma Fisher You Membership - Monthly Fee,-9.9,,,
2020-04-22,Norma Fisher,GB92FKQI19720769845642,Überweisung,Norma Fisher You Membership - Monthly Fee,-9.9,,,
2020-05-22,Norma Fisher,GB92FKQI19720769845642,Überweisung,Norma Fisher You Membership - Monthly Fee,-9.9,,,
2020-06-22,Norma Fisher,GB92FKQI19720769845642,Überweisung,Norma Fisher You Membership - Monthly Fee,-9.9,,,
2020-07-22,Norma Fisher,GB92FKQI19720769845642,Überweisung,Norma Fisher You Membership - Monthly Fee,-9.9,,,
2020-08-22,Norma Fisher,GB92FKQI19720769845642,Überweisung,Norma Fisher You Membership - Monthly Fee,-9.9,,,
2020-09-22,Norma Fisher,GB92FKQI19720769845642,Überweisung,Norma Fisher You Membership - Monthly Fee,-9.9,,,
2020-10-22,Norma Fisher,GB92FKQI19720769845642,Überweisung,Norma Fisher You Membership - Monthly Fee,-9.9,,,
2020-11-03,Bobby Flores,GB39CXNY34896769930024,Überweisung,GD8116410N5,-26.52,,,
2020-11-22,Norma Fisher,GB92FKQI19720769845642,Überweisung,Norma Fisher You Membership - Monthly Fee,-9.9,,,
2020-12-16,Stephanie Sutton,GB44XWTU77658236940224,Gutschrift,Uebertrag Kasse vom 02.03.2020,56.31,,,
2020-12-22,Norma Fisher,GB92FKQI19720769845642,Überweisung,Norma Fisher You Membership - Monthly Fee,-9.9,,,
2020-12-29,Tasha Rodriguez,GB98MWSN02714278789007,Überweisung,Leonhart Rechnung 2019 vorgelegt,-48.9,,,
2020-12-29,Tasha Rodriguez,GB98MWSN02714278789007,Überweisung,Ullrich Rechnung 2019 vorgelegt,-56.9,,,
2020-12-29,Tasha Rodriguez,GB98MWSN02714278789007,Überweisung,TFVH Strafe R27/19 vorgelegt,-10.0,,,
2020-12-29,Tasha Rodriguez,GB98MWSN02714278789007,Überweisung,TFVH Strafe R29/19 vorgelegt,-50.0,,,
2020-12-29,Tasha Rodriguez,GB98MWSN02714278789007,Überweisung,TFVH Strafe R32/19 vorgelegt,-10.0,,,
2020-12-31,Susan Wagner,GB98MWSN02714278789007,Gutschrift,Übertrag Kasse vom 09.12.2019,160.0,,,
2020-12-31,Susan Wagner,GB39QSIK17446660223450,Gutschrift,Kontostand 16.12.2019,131.45,,,
2020-12-31,Susan Wagner,GB98MWSN02714278789007,Gutschrift,Kontostand 16.12.2019,712.6,,,
2020-12-31,Susan Wagner,GB98MWSN02714278789007,Gutschrift,Norma Fisher Kontoführungsgebühren 2020,118.8,,,
2020-12-31,Susan Wagner,GB98MWSN02714278789007,Gutschrift,Kontostand 16.12.2019,131.45,,,
2020-12-31,Susan Wagner,GB39QSIK17446660223450,Überweisung,Doppelte Ueberweisung,-131.45,,,
2021-01-05,Susan Wagner,GB98MWSN02714278789007,Gutschrift,Rückerstat. HLM-Gebuehren 2020 TFVH,170.0,,,
2021-01-05,Michelle Kelley,GB98MWSN02714278789007,Gutschrift,"Susan Wagner, MB",60.0,,,
2021-01-22,Norma Fisher,GB92FKQI19720769845642,Überweisung,Norma Fisher You Membership - Monthly Fee,-9.9,,,
2021-01-29,Kimberly Maynard,GB88BPNE79125609767017,Gutschrift,TFC Mitgliedsbeitrag 2019/2020-01,65.0,,,
2021-02-22,Norma Fisher,GB92FKQI19720769845642,Überweisung,Norma Fisher You Membership - Monthly Fee,-9.9,,,
2021-02-22,Laurie Wallace,GB46YEAB99251853671097,Gutschrift,Mitgliedsbeitrag 2019,60.0,,,
2021-02-24,Janice Johnston,GB59TUKU19426418306753,Überweisung,"Rechnungsnr. T-1/2021, Mandantennr. 10026",-273.7,,,
2021-03-22,Norma Fisher,GB92FKQI19720769845642,Überweisung,Norma Fisher You Membership - Monthly Fee,-9.9,,,
2021-04-22,Norma Fisher,GB92FKQI19720769845642,Überweisung,Norma Fisher You Membership - Monthly Fee,-9.9,,,
2021-05-22,Norma Fisher,GB92FKQI19720769845642,Überweisung,Norma Fisher You Membership - Monthly Fee,-9.9,,,
2021-06-22,Norma Fisher,GB92FKQI19720769845642,Überweisung,Norma Fisher You Mitgliedschaft - Monatliche Gebühr,-9.9,,,
2021-07-22,Norma Fisher,GB92FKQI19720769845642,Überweisung,Norma Fisher You Mitgliedschaft - Monatliche Gebühr,-9.9,,,
2021-08-05,Stephanie Sutton,GB44XWTU77658236940224,Gutschrift,Uebertrag Kasse vom 02.08.2021,26.0,,,
2021-08-11,Susan Wagner,GB98MWSN02714278789007,Gutschrift,"Norma Fisher 01.2021 - 07.2021 (9,90 monatlich)",69.3,,,
2021-08-22,Norma Fisher,GB92FKQI19720769845642,Überweisung,Norma Fisher You Mitgliedschaft - Monatliche Gebühr,-9.9,,,
2021-08-31,Stephanie Sutton,GB44XWTU77658236940224,Gutschrift,Uebertrag Kasse vom 30.08.2021,41.0,,,
2021-09-22,Norma Fisher,GB92FKQI19720769845642,Überweisung,Norma Fisher You Mitgliedschaft,-9.9,,,
2021-09-30,Stephanie Collins,GB32EUQU51240003485590,Lastschrift,"PP.5917.PP . Ullrich Sport // RiproTec GmbH, Ihr Einkauf bei Ullrich Sport // RiproTec GmbH",-34.67,,,
2021-09-30,Stephanie Collins,GB32EUQU51240003485590,Lastschrift,"PP.5917.PP . Desiree Cain, Ihr Einkauf bei Desiree Cain",-25.6,,,
2021-09-30,Collin Lopez,GB91OLZU10074089933188,Überweisung,Order no.: 33645,-42.35,,,
2021-10-22,Norma Fisher,GB92FKQI19720769845642,Überweisung,Norma Fisher You Mitgliedschaft,-9.9,,,
2021-11-18,Stephanie Collins,GB32EUQU51240003485590,Lastschrift,"PP.5917.PP . Ullrich Sport // RiproTec GmbH, Ihr Einkauf bei Ullrich Sport // RiproTec GmbH",-56.95,,,
2021-11-22,Norma Fisher,GB92FKQI19720769845642,Überweisung,Norma Fisher You Mitgliedschaft,-9.9,,,
2021-11-30,Stephanie Collins,GB32EUQU51240003485590,Lastschrift,"PP.5917.PP . Desiree Cain, Ihr Einkauf bei Desiree Cain",-187.94,,,
2021-12-02,Mary Alvarez,GB43NQJD26961161162076,Lastschrift,Kaufland e-commerce GmbH 6331602910433,-26.98,,,
2021-12-22,Norma Fisher,GB92FKQI19720769845642,Überweisung,Norma Fisher You Mitgliedschaft,-9.9,,,
2021-12-29,Peter Mcdowell,GB59TUKU19426418306753,Überweisung,"Steuererklaerung 2020, Rechnungsnummer T-2/2021",-273.7,,,
2021-12-31,Peter Montgomery,GB56KJOB63812066503008,Gutschrift,Kassen Bargeld Ausnahme 20.12.2021,100.0,,,
2022-01-04,Michelle Kelley,GB98MWSN02714278789007,Gutschrift,"Susan Wagner, MB",60.0,,,
2022-01-11,Stephanie Collins,GB32EUQU51240003485590,Lastschrift,"PP.5917.PP . Desiree Cain, Ihr Einkauf bei Desiree Cain",-122.65,,,
2022-01-14,Sarah Villanueva,GB93VNAP54151150552035,Überweisung,1. TFC Frankfurt / Rechnungsnummer 23/2021,-32.0,,,
2022-01-22,Norma Fisher,GB92FKQI19720769845642,Überweisung,Norma Fisher You Mitgliedschaft,-9.9,,,
2022-01-25,Peter Montgomery,GB56KJOB63812066503008,Gutschrift,Kassenentnahme Ball- und Baendeverkauf + DYP Einnahmen 24.01.2022,150.0,,,
2022-02-22,Norma Fisher,GB92FKQI19720769845642,Überweisung,Norma Fisher You Mitgliedschaft,-9.9,,,
2022-02-22,Kimberly Myers,GB45CTEG03104509322717,Gutschrift,Beitrag Jacob Hooper,60.0,,,
2022-03-22,Peter Montgomery,GB56KJOB63812066503008,Gutschrift,Kassenentnahme 22.03.22,150.0,,,
2022-03-22,Norma Fisher,GB92FKQI19720769845642,Überweisung,Norma Fisher You Mitgliedschaft,-9.9,,,
2022-03-25,Stephanie Collins,GB32EUQU51240003485590,Lastschrift,"PP.5917.PP . Desiree Cain, Ihr Einkauf bei Desiree Cain",-519.0,,,
2022-04-22,Norma Fisher,GB92FKQI19720769845642,Überweisung,Norma Fisher You Mitgliedschaft,-9.9,,,
2022-05-22,Norma Fisher,GB92FKQI19720769845642,Überweisung,Norma Fisher You Mitgliedschaft,-9.9,,,
2022-05-24,Desiree Cain,GB20LWIE03557448529118,Überweisung,Bestellnummer 12828,-543.32,,,
2022-05-31,Peter Montgomery,GB56KJOB63812066503008,Gutschrift,Kassenentnahme 30.05.2022,150.0,,,
2022-06-22,Norma Fisher,GB92FKQI19720769845642,Überweisung,Norma Fisher You Mitgliedschaft,-9.9,,,
2022-06-29,Stephanie Lawrence,GB79SJFM22358332456029,Lastschrift,304-2012416-0749959 AMZN Mktp DE 61ZPE77CVNKSFYM7,-31.98,,,
2022-07-11,Elizabeth Woods,GB78EWJM61093523376960,Gutschrift,"Elizabeth Woods, Mitgliedsbeitrag 2020-2022",30.0,,,
2022-07-11,Jorge Sullivan,GB71AMCW12648629645137,Gutschrift,"Jorge Sullivan, Mitgliedsbeitrag 2020-2022",30.0,,,
2022-07-11,Peter Montgomery,GB56KJOB63812066503008,Gutschrift,Peter Montgomery Mitgliedsbeitrag 2020-2022,30.0,,,
2022-07-12,Lauren Hayes,GB63ULUQ06606573547121,Gutschrift,"Lauren Hayes, Mitgliedsbeitrag 2020-2022",70.0,,,
2022-07-12,Sean Green,GB14PPKZ51717604522961,Gutschrift,Sean Green Mitgliedsb.2020-22,30.0,,,
2022-07-18,Stephanie Sutton,GB44XWTU77658236940224,Gutschrift,"Stephanie Sutton, MB 2022",30.0,,,
2022-07-19,Susan Levy,GB21JDPX30428146546118,Gutschrift,"Lisa Johnston, Mitgliedsbeitrag 2020-2022",30.0,,,
2022-07-22,Brian Hamilton,GB60KKZL15900422945682,Gutschrift,Brian Hamilton Mitgliedsbeitrag 2020-2022,30.0,,,
2022-07-22,Norma Fisher,GB92FKQI19720769845642,Überweisung,Norma Fisher You Mitgliedschaft,-9.9,,,
2022-07-22,Whitney Stark,GB05IDRT27626623758257,Gutschrift,ZORAN ZUNK MITGLIEDSB. NACHZAHLUNG,30.0,,,
2022-07-27,Susan Wagner,GB98MWSN02714278789007,Gutschrift,Kasse,110.0,,,
2022-08-11,Angela Salazar,GB85UUCP34079703414892,Gutschrift,1. TFC Mitgliedsbeiträge für das Jahr 2022,40.0,,,
2022-08-22,Norma Fisher,GB92FKQI19720769845642,Überweisung,Norma Fisher You Mitgliedschaft,-9.9,,,
2022-08-23,Cheryl Bradley,GB69BQEI92694711801320,Gutschrift,Mitgliedsbeitrag Stibani 2022,60.0,,,
2022-08-26,Dana Nguyen,GB69SMUV68757738930555,Gutschrift,"Kristijan Mamic, Mitgliedsbeitrag 2022-2022",30.0,,,
2022-08-30,Laurie Wallace,GB46YEAB99251853671097,Gutschrift,Mitgliedsbeitrag,30.0,,,
2022-09-01,Jennifer Summers,GB48CLHI92635110873176,Gutschrift,"Jennifer Summers, Mitgliedsbeitrag 2020-2022",30.0,,,
2022-09-07,Susan Wagner,GB98MWSN02714278789007,Gutschrift,Mitgliedsbeitrag Ahmed Omar,90.0,,,
2022-09-07,Stephanie Collins,GB32EUQU51240003485590,Lastschrift,"1022178742322 PP.5917.PP . RiproTec GmbH, Ihr Einkauf bei RiproTec GmbH",-181.55,,,
2022-09-12,Mr. Ryan Sanchez,GB65NWYP17386401400468,Gutschrift,Mitgliedsbeitrag Fördermitgliedschaft August bis Dezember,10.0,,,
2022-09-16,Autumn Robinson,GB57SWMO14543910144851,Gutschrift,Mitgliedsbeitraege Autumn Robinson 2021 2022,75.0,,,
2022-09-20,Walter Pratt,GB65JAYO52275868809189,Gutschrift,Walter Pratt Mitgliedsbeitrag 2020-2022 plus Spende,45.0,,,
2022-09-22,Norma Fisher,GB92FKQI19720769845642,Überweisung,Norma Fisher You Mitgliedschaft,-9.9,,,
2022-09-28,Theodore Mcgrath,GB64TDGD93442176104714,Gutschrift,Mitgliedsbeitrag TFC Frankfurt 2022 - Theodore Mcgrath,30.0,,,
2022-10-22,Norma Fisher,GB92FKQI19720769845642,Überweisung,Norma Fisher You Mitgliedschaft,-9.9,,,
2022-10-25,Peter Montgomery,GB56KJOB63812066503008,Gutschrift,Trikot mamic 1x,20.0,,,
2022-10-25,Peter Montgomery,GB56KJOB63812066503008,Gutschrift,Trikot Walter Pratt,20.0,,,
2022-10-25,Peter Montgomery,GB56KJOB63812066503008,Gutschrift,"Trikots 1x schicke, 1x Martin z. 2x Schauzu",80.0,,,
2022-10-25,Faith Cabrera,GB60KKZL15900422945682,Gutschrift,Trikot,20.0,,,
2022-10-26,Laurie Wallace,GB46YEAB99251853671097,Gutschrift,Trikot Laurie Wallace,20.0,,,
2022-11-08,Peter Montgomery,GB56KJOB63812066503008,Gutschrift,Trikots schicke und Martin,40.0,,,
2022-11-14,Peter Montgomery,GB56KJOB63812066503008,Überweisung,Ruckuberweisung Uberzahlung Trikots fur Schicke und Martin Z.,-40.0,,,
2022-11-16,Susan Wagner,GB98MWSN02714278789007,Gutschrift,Trikot Daniel Gleiß,20.0,,,
2022-11-16,Susan Wagner,GB39QSIK17446660223450,Gutschrift,Trikot,20.0,,,
2022-11-16,Susan Wagner,GB98MWSN02714278789007,Gutschrift,Trikots,140.0,,,
2022-11-16,Susan Wagner,GB98MWSN02714278789007,Gutschrift,Kassenentnahme,100.0,,,
2022-11-18,Peter Mcdowell,GB59TUKU19426418306753,Überweisung,"Steuererklaerung 2021, Rechnungsnummer T-1/2022",-273.7,,,
2022-11-21,Peter Montgomery,GB56KJOB63812066503008,Gutschrift,Trikot Lauren Hayes,20.0,,,
2022-11-22,Norma Fisher,GB92FKQI19720769845642,Überweisung,Norma Fisher You Mitgliedschaft,-9.9,,,
2022-12-01,Charles Wolfe,GB06QHYF16448298381686,Überweisung,6TG18142S27591420 / Bestellung vom 24.10.2022 bei PokaleNRW,-26.15,,,
2022-12-05,Susan Wagner,GB98MWSN02714278789007,Gutschrift,Tisch-Verkauf Ullrich P4P an Brian Hamilton,900.0,,,
2022-12-05,Jennifer Summers,GB48CLHI92635110873176,Gutschrift,Trikots,40.0,,,
2022-12-05,Kenneth Kent,GB12XYZI47592211669728,Überweisung,Rechnungsnummer: RE-2022-0272,-1494.64,,,
2022-12-06,Sean Green,GB14PPKZ51717604522961,Gutschrift,Trikot Forsbach,20.0,,,
2022-12-07,Melanie Johnson,GB12VJLU76377857074270,Gutschrift,"Mitgliedsbeitrag 22 Dezember Meister 5 x 7,50",37.5,,,
2022-12-08,Mr. Ryan Sanchez,GB65NWYP17386401400468,Gutschrift,Mitgliedsbeitrag für 2023 als aktives Mitglied.,90.0,,,
2022-12-12,Stephanie Sutton,GB44XWTU77658236940224,Gutschrift,"Stephanie Sutton, Trikot",20.0,,,
2022-12-22,Norma Fisher,GB92FKQI19720769845642,Überweisung,Norma Fisher You Mitgliedschaft,-9.9,,,
2023-01-02,Whitney Stark,GB05IDRT27626623758257,Gutschrift,nan,5.0,,,
2023-01-02,Michelle Kelley,GB98MWSN02714278789007,Gutschrift,Mitgliedsbeitrag 2023,30.0,,,
2023-01-03,Michelle Kelley,GB98MWSN02714278789007,Gutschrift,"Susan Wagner, MB",60.0,,,
2023-01-10,Michelle Kelley,GB98MWSN02714278789007,Gutschrift,Turniereinnahmen,94.0,,,
2023-01-14,Mr. Ryan Sanchez,GB65NWYP17386401400468,Überweisung,Fehlueberweisung vom 08.12.2022,-90.0,,,
2023-01-16,Jorge Sullivan,GB71AMCW12648629645137,Gutschrift,"Jorge Sullivan, Mitgliedsbeitrag",60.0,,,
2023-01-16,Peter Montgomery,GB56KJOB63812066503008,Gutschrift,Mitgliedsbeitraege Peter Montgomery 2023,90.0,,,
2023-01-16,Jorge Sullivan,GB33RWAO15084237594599,Gutschrift,Ergänzung zum Dauerauftrag. Ab 2024 90€,30.0,,,
2023-01-17,Cheryl Bradley,GB69BQEI92694711801320,Gutschrift,Mitgliedsbeitrag Cheryl Bradley,90.0,,,
2023-01-17,Sean Green,GB14PPKZ51717604522961,Gutschrift,Jahresbeitrag 2023 Sean Green,90.0,,,
2023-01-19,Lisa Johnston,GB21JDPX30428146546118,Gutschrift,"Lisa Johnston, MB 2023",90.0,,,
2023-01-19,Jacob Hooper,GB14TGAL76081160501904,Gutschrift,Mitgliedsbeitrag 2023,90.0,,,
2023-01-19,Charles Wolfe,GB06QHYF16448298381686,Überweisung,BB0186924P8 Rechnungsnummer 92393,-21.35,,,
2023-01-20,Lauren Hayes,GB63ULUQ06606573547121,Gutschrift,Beitrag Lauren Hayes,90.0,,,
2023-01-22,Norma Fisher,GB92FKQI19720769845642,Überweisung,Norma Fisher You Mitgliedschaft,-9.9,,,
2023-01-23,Alex Woodward,GB65UWJX32943167562566,Überweisung,Rechnungsnummer ID 120/2022,-140.0,,,
2023-01-23,Caleb Clark,GB93VNAP54151150552035,Überweisung,Rechnungsnummer 17-2022,-271.11,,,
2023-01-25,Taylor Johnson,GB30EOWE85232756676337,Gutschrift,Taylor Johnson,90.0,,,
2023-01-30,Laurie Wallace,GB46YEAB99251853671097,Gutschrift,Mitgliedsbeitrag 2023-Laurie Wallace,90.0,,,
2023-02-01,Whitney Stark,GB05IDRT27626623758257,Gutschrift,nan,5.0,,,
2023-02-02,Melanie Johnson,GB12VJLU76377857074270,Gutschrift,Jahresbeitrag alle Meister,450.0,,,
2023-02-02,Stephanie Lawrence,GB79SJFM22358332456029,Lastschrift,304-0795277-8121917 AMZN Mktp DE 2982RKAAXQFF4WNM,-40.15,,,
2023-02-06,Brian Green,GB69GSWB60312502394918,Gutschrift,Brian Green Mitgliedsbeitrag 1. TFC Frankfurt,82.3,,,
2023-02-06,Brian Green,GB11YJYL67088697747354,Gutschrift,MoneyBeam,0.2,,,
2023-02-07,Michelle Kelley,GB98MWSN02714278789007,Gutschrift,Kassenentnahme Trainingsgebühr,18.0,,,
2023-02-07,Michelle Kelley,GB98MWSN02714278789007,Gutschrift,Kassenentnahme Spende,31.9,,,
2023-02-07,Michelle Kelley,GB98MWSN02714278789007,Gutschrift,Kassenentnahme Turniereinnahmen,241.0,,,
2023-02-22,Norma Fisher,GB92FKQI19720769845642,Überweisung,Norma Fisher You Mitgliedschaft,-9.9,,,
2023-02-27,Matthew Bell,GB51BBBF50402163968373,Überweisung,Rechnungsnummer R666599,-37.35,,,
2023-02-28,Kenneth Kent,GB12XYZI47592211669728,Überweisung,Rechnungsnummer RE-2023-0028,-166.6,,,
2023-03-01,Whitney Stark,GB05IDRT27626623758257,Gutschrift,nan,5.0,,,
2023-03-22,Norma Fisher,GB92FKQI19720769845642,Überweisung,Norma Fisher You Mitgliedschaft,-9.9,,,
2023-04-03,Whitney Stark,GB05IDRT27626623758257,Gutschrift,nan,5.0,,,
2023-04-13,Jonathan Williams,GB49KTDT15587540803513,Gutschrift,BEITRAG TFC FFM APRIL-DEZEMBER,67.5,,,
2023-04-17,Dana Nguyen,GB69SMUV68757738930555,Gutschrift,"Kristijan Mamic, MB 2023",90.0,,,
2023-04-17,Laurie Wallace,GB46YEAB99251853671097,Gutschrift,Mitgliedsbeitrag 2023,90.0,,,
2023-04-22,Norma Fisher,GB92FKQI19720769845642,Überweisung,Norma Fisher You Mitgliedschaft,-9.9,,,
2023-04-24,Peter Montgomery,GB56KJOB63812066503008,Überweisung,Fremdauslage: Pohlmann Bon-Nr. 10216116,-23.1,,,
2023-04-25,Faith Cabrera,GB60KKZL15900422945682,Gutschrift,Mitgliedsbeitrag 1.TFC Frankfurt 2023,90.0,,,
2023-04-25,Michelle Kelley,GB98MWSN02714278789007,Gutschrift,Kassenentnahme Turniereinnahmen,184.0,,,
2023-04-25,Michelle Kelley,GB98MWSN02714278789007,Gutschrift,Kassenentnahme Spenden,34.1,,,
2023-04-26,Stephanie Lawrence,GB79SJFM22358332456029,Lastschrift,304-6972311-9520358 AMZN Mktp DE 26EAXR2LPBJWFNND,-24.4,,,
2023-04-26,William Gonzalez,GB75QLGG44486475304810,Lastschrift,303-5204050-5834765 Amazon.de 3ZOH7KJHII82MKR0,-9.49,,,
2023-05-02,Whitney Stark,GB05IDRT27626623758257,Gutschrift,nan,5.0,,,
2023-05-02,Nicholas Massey,GB74OPXO06777111312637,Gutschrift,Kleinboehl Mitgliedsbeitrag,75.0,,,
2023-05-03,Caleb Clark,GB93VNAP54151150552035,Überweisung,Jahresbeitrag 2023 Rechnungsnummer 18-2023,-316.11,,,
2023-05-22,Norma Fisher,GB92FKQI19720769845642,Überweisung,Norma Fisher You Mitgliedschaft,-9.9,,,
2023-06-01,Whitney Stark,GB05IDRT27626623758257,Gutschrift,nan,5.0,,,
2023-06-13,Susan Levy,GB21JDPX30428146546118,Gutschrift,Trikot Fabi Nr 2,20.0,,,
2023-06-22,Norma Fisher,GB92FKQI19720769845642,Überweisung,Norma Fisher You Mitgliedschaft,-9.9,,,
2023-07-03,Whitney Stark,GB05IDRT27626623758257,Gutschrift,nan,5.0,,,
2023-07-10,Kenneth Kent,GB12XYZI47592211669728,Überweisung,"RE-2023-0225, FIN-3",-211.11,,,
2023-07-22,Norma Fisher,GB92FKQI19720769845642,Überweisung,Norma Fisher You Mitgliedschaft,-9.9,,,
2023-08-01,Whitney Stark,GB05IDRT27626623758257,Gutschrift,nan,5.0,,,
2023-08-08,Peter Montgomery,GB56KJOB63812066503008,Gutschrift,Kassenentnahme 07. August 2023,200.0,,,
2023-08-08,Brian Green,GB69GSWB60312502394918,Gutschrift,Brian Green 1x Trikot,20.0,,,
2023-08-09,Nicholas Massey,GB74OPXO06777111312637,Gutschrift,Nicholas Massey 2 Trikots,40.0,,,
2023-08-21,Stephanie Sutton,GB44XWTU77658236940224,Gutschrift,"Stephanie Sutton, MB 2023",90.0,,,
2023-08-22,Norma Fisher,GB92FKQI19720769845642,Überweisung,Norma Fisher You Mitgliedschaft,-9.9,,,
2023-09-01,Whitney Stark,GB05IDRT27626623758257,Gutschrift,nan,5.0,,,
2023-09-15,Michelle Kelley,GB98MWSN02714278789007,Gutschrift,"Kassenentnahme 2023-09-11, FIN-4",150.0,,,
2023-09-21,Melanie Johnson,GB12VJLU76377857074270,Gutschrift,Trikots Meister,40.0,,,
2023-09-22,Norma Fisher,GB92FKQI19720769845642,Überweisung,Norma Fisher You Mitgliedschaft,-9.9,,,
2023-10-02,Whitney Stark,GB05IDRT27626623758257,Gutschrift,nan,5.0,,,
2023-10-10,Caroline Chambers,GB27TCNR60237324556184,Gutschrift,Mitgliedsbeitrag 2023 anteilig 9 Monate,67.5,,,
2023-10-22,Norma Fisher,GB92FKQI19720769845642,Überweisung,Norma Fisher You Mitgliedschaft,-9.9,,,
2023-11-01,Whitney Stark,GB05IDRT27626623758257,Gutschrift,nan,5.0,,,
2023-11-06,Amy Lowe,GB30TRZG47897844301912,Gutschrift,"Mitgliedsbeitrag TFC Frankfurt, Henning Weinert, 10/23 - 3/24",30.0,,,
2023-11-07,Amy Lowe,GB30TRZG47897844301912,Gutschrift,"Mitgliedsbeitrag TFC Frankfurt, Henning Weinert, 10/23 - 3/24",15.0,,,
2023-11-17,Amy Lowe,GB30TRZG47897844301912,Gutschrift,"Trikot TFC Frankfurt, Henning Weinert",20.0,,,
2023-11-22,Norma Fisher,GB92FKQI19720769845642,Überweisung,Norma Fisher You Mitgliedschaft,-9.9,,,
2023-12-01,Whitney Stark,GB05IDRT27626623758257,Gutschrift,nan,5.0,,,
2023-12-22,Norma Fisher,GB92FKQI19720769845642,Überweisung,Norma Fisher You Mitgliedschaft,-9.9,,,
